{"cameraMode":{"drawMode":0,"name":"Shaded","section":"Shading Mode"},"sceneLighting":true,"audioPlay":false,"sceneViewState":{"m_AlwaysRefresh":false,"showFog":true,"showSkybox":true,"showFlares":true,"showImageEffects":true,"showParticleSystems":true,"showVisualEffectGraphs":true,"m_FxEnabled":true},"in2DMode":false,"pivot":{"x":1355.7110595703125,"y":106.93988800048828,"z":5.809911727905273},"rotation":{"x":0.0013117550406605006,"y":0.9980579614639282,"z":0.06205148249864578,"w":-0.0125424237921834},"size":1.144553542137146,"orthographic":false}