{"cameraMode":{"drawMode":0,"name":"Shaded","section":"Shading Mode"},"sceneLighting":true,"audioPlay":false,"sceneViewState":{"m_AlwaysRefresh":false,"showFog":true,"showSkybox":true,"showFlares":true,"showImageEffects":true,"showParticleSystems":true,"showVisualEffectGraphs":true,"m_FxEnabled":true},"in2DMode":false,"pivot":{"x":0.4762333035469055,"y":1.5755832195281983,"z":-0.3192397356033325},"rotation":{"x":0.029054751619696618,"y":0.9319415092468262,"z":-0.07587423920631409,"w":0.354251891374588},"size":0.6723767518997192,"orthographic":false}