{"cameraMode":{"drawMode":0,"name":"Shaded","section":"Shading Mode"},"sceneLighting":true,"audioPlay":false,"sceneViewState":{"m_AlwaysRefresh":false,"showFog":true,"showSkybox":true,"showFlares":true,"showImageEffects":true,"showParticleSystems":true,"showVisualEffectGraphs":true,"m_FxEnabled":true},"in2DMode":false,"pivot":{"x":8.901604652404786,"y":0.7317065000534058,"z":-4.942442417144775},"rotation":{"x":0.07864094525575638,"y":0.7355594038963318,"z":-0.08668969571590424,"w":0.6673294901847839},"size":2.2086682319641115,"orthographic":false}