{"cameraMode":{"drawMode":0,"name":"Shaded","section":"Shading Mode"},"sceneLighting":true,"audioPlay":false,"sceneViewState":{"m_AlwaysRefresh":false,"showFog":true,"showSkybox":true,"showFlares":true,"showImageEffects":true,"showParticleSystems":true,"showVisualEffectGraphs":true,"m_FxEnabled":true},"in2DMode":false,"pivot":{"x":10.002071380615235,"y":-12.287969589233399,"z":-12.082054138183594},"rotation":{"x":0.12287405133247376,"y":-0.8710176944732666,"z":0.39556005597114565,"w":0.26765018701553347},"size":55.62456130981445,"orthographic":false}