{"cameraMode":{"drawMode":0,"name":"Shaded","section":"Shading Mode"},"sceneLighting":true,"audioPlay":false,"sceneViewState":{"m_AlwaysRefresh":false,"showFog":true,"showSkybox":true,"showFlares":true,"showImageEffects":true,"showParticleSystems":true,"showVisualEffectGraphs":true,"m_FxEnabled":true},"in2DMode":false,"pivot":{"x":3.3961257934570314,"y":4.156169891357422,"z":57.71086883544922},"rotation":{"x":0.031735196709632876,"y":0.06741500645875931,"z":-0.0021138759329915048,"w":0.9972628951072693},"size":41.48244857788086,"orthographic":false}